id,eca
3VH4YC1VM60,Hiking
1EJ6TW8XH25,Football
8P17A18TA80,Hiking
1CV8NC8XM28,Football
8JR5JQ3MH11,Volleyball
6JW2P58QU50,Table Tennis
4RH4G14CJ24,Table Tennis
9KP1E04VV26,Volleyball
9NG7V83VR82,Hiking
5JN1UP8TG01,Volleyball
4QA0WK2CE72,Football
2FV3PA2TR97,Volleyball
1U28F91PV76,Basketball
5K32AX1QW22,Basketball
3ET0Q58DU35,Hiking
9WG9G54QJ41,Volleyball
9CA6TN5AM94,Hiking
3GJ6V80PG91,Hiking
6P82T16HG40,Football
1JV6D99NU85,Hiking
4V15MR8EX17,Football
2M56U62JW68,Football
9XJ7RN7YT81,Table Tennis
3RV5D28PU23,Football
8GH9KQ8FQ41,Volleyball
2QT2NT4MK83,Table Tennis
8CT9H01YP23,Football
5MJ4RC8HX82,Basketball
6WX7V58PR27,Hiking
6JX0NN6UG07,Volleyball
6AE8KN2RK13,Basketball
3MR2NK2JR60,Hiking
4HT0XA9CV93,Football
9WH2D88HU89,Football
9J51RH9WM14,Football
9X01F83KG50,Table Tennis
1M80HD8AV80,Basketball
3QD2RY1PR72,Table Tennis
6YA1V76DR40,Volleyball
6C70XX8JE18,Table Tennis
3EG2RQ3DN83,Volleyball
5XU8K82PW29,Hiking
5UF6MG0XU11,Hiking
5KU9DF1XN73,Volleyball
4F21A21VN99,Table Tennis
8EY5V12JN96,Basketball
2R34FF0MM07,Hiking
5XF9HD7FX74,Football
7G44RC8WJ44,Basketball
4PE4JW9UT17,Table Tennis
6ND3AX9JP85,Football
6GM5C65PP94,Volleyball
1N54FN1JV79,Football
8GR5Y40FU19,Table Tennis
1MU9MU7FU81,Volleyball
5Q49KD4DW02,Basketball
6FM0YM9KA24,Table Tennis
6C81DV2GR70,Volleyball
9QK8X72JM94,Football
2XE1GK4AW01,Basketball
9GG5QA5GU39,Hiking
7PC4VD8TP92,Table Tennis
4KT4YF9MX66,Basketball
3XG5FJ0MD43,Hiking
8TH8YU3WV59,Volleyball
5E55Y58HE64,Hiking
3YD4VP2YU91,Hiking
8E33YX2YX78,Football
8M22T92MJ19,Football
1NK4JM2NY24,Volleyball
5E65HD6DM84,Football
6DU5GW7EK65,Table Tennis
3C23M63PR39,Volleyball
2TV7DW0UW64,Football
4C10JC4DW25,Football
8W80AH2CY70,Football
4QJ6U17EJ34,Volleyball
2PY9J71WM16,Hiking
5MP9JY5XN75,Basketball
1V36QH6TR43,Volleyball
9VP1R22QN83,Volleyball
7FF9XY3FF36,Basketball
7FV6VN6PM14,Basketball
8VP0JY3EU81,Hiking
9R17N98CX51,Basketball
2PX8WJ5PF82,Basketball
8WT3ED6TG11,Football
6V72JH3MX76,Hiking
4FJ8T99AK92,Table Tennis
4JJ0GG3QC00,Football
3RE6EC2QA27,Table Tennis
7MG3E45GC13,Hiking
5KN1ED4UQ65,Hiking
6A35YJ3NF18,Hiking
7WH0EU7QT77,Hiking
7CP4G33AJ88,Basketball
9QP7HP8XG58,Volleyball
5HT6AE8JW07,Table Tennis
7JF6KU0PG92,Football
2Y38H13KF33,Basketball
7Y45A51FN94,Table Tennis
5X09CF1CR15,Table Tennis
9HM2PG6MU38,Table Tennis
3R03KY7NT25,Table Tennis
4GG3EA5GY55,Hiking
6KA5NR6JG34,Volleyball
8N17TJ5RK17,Volleyball
2R60XK9EA27,Volleyball
2CA1D27UX91,Basketball
5VY4YQ2DW06,Basketball
9QK3GF5RG02,Table Tennis
8G38JR1UF60,Table Tennis
6TV4UA6KN10,Football
1C12H93WD88,Football
4EY6DX2KD08,Basketball
4CX6F20UX89,Hiking
9F85NV6XN95,Volleyball
2A85DN7DV06,Football
1DD7HP2VR69,Table Tennis
1W19QN4DW68,Basketball
3TQ7JD7UT75,Football
7EP5N14QQ60,Hiking
1TR7DT6PQ32,Football
4XV0CG8DW71,Volleyball
7EF5KF9RT98,Volleyball
9PD5AE5NC23,Football
9FK2GD6EY54,Football
9D21P04FF48,Hiking
9FR4XN6EM94,Football
5YG5GT7QX47,Volleyball
9PV1JD4VK90,Table Tennis
1CW7T55PQ03,Basketball
7AY7Y54QC30,Volleyball
4HJ6UU4MC54,Basketball
6K81W42QQ30,Hiking
7KP4U90DX76,Volleyball
7E86KU9QV94,Basketball
4H61Y85HP92,Basketball
9K78P02AD26,Volleyball
8E81E64RV30,Hiking
9FE0HG1GR86,Volleyball
4V83VP8YF38,Football
6N52EK7CG55,Basketball
2M71RP0AX97,Volleyball
1JH4NH6HG30,Basketball
1NY4J18FU32,Volleyball
5Q92U01AW50,Basketball
3JN8W61RU59,Table Tennis
5P67UN3TE12,Volleyball
3X06R31PH16,Volleyball
1UV3MQ9NP60,Table Tennis
1AJ9E67JU58,Volleyball
1U28A48UW50,Table Tennis
5P46YT0GC82,Volleyball
1AY8T74XC42,Volleyball
5TR1TE0KG26,Volleyball
6V22NX1EX81,Volleyball
9MF8TJ8VY91,Hiking
4WG5TT1HH18,Table Tennis
6KD9VJ0FE56,Table Tennis
3UE6YP5RA54,Volleyball
6JA6E67CX89,Table Tennis
1TJ0KF9GA90,Football
5QJ2FH8RP17,Table Tennis
7VM2GH5KT50,Hiking
9TX9J07XF01,Table Tennis
6KD0XK2WT80,Basketball
5C22W97XG55,Volleyball
8JG3CD8GE08,Hiking
6AA3WT8CG27,Volleyball
