id,password
3VH4YC1VM60,12345
1HC5U30FG90,"iY6!jJZD?W("""
1EJ6TW8XH25,wK71)fJtWgk\Q'p
2E05G54PY22,"dJ8c?$,C2.*Kb(G`"
4V70AE2YW17,zN8.EjFCo4Wt33KE
5R00HX1FJ42,mZ50J7JYrya=MS
3Y37VQ1MQ93,jM0)w$2SP+*%E
8HQ7HF6YR00,wI21PAOR7q%TO
8P17A18TA80,dJ3%YpkYLwQ+AY/
2UM8CN0PQ66,nO7o<r42
1CV8NC8XM28,sZ1vqIan`
8JR5JQ3MH11,rD4>)F)TG0Iw<#
6JW2P58QU50,pJ3Jn<SR9F
5D03Q83XQ28,eI31\w%UkZY5IQ
5QN8KD1KJ87,"uK3|_'=L,*(>"
4RH4G14CJ24,pK4jFDJR&
9KP1E04VV26,vT1Wz_E1n/RjRs
3YD1Y37GX53,pD2Ni9Vl85|QU
8XK1MA5WY44,gM0>2W\c
7YT1E51QH77,vC59$K|G
9NG7V83VR82,"eZ4ua)f""\4uh"
5JN1UP8TG01,"zK2,kj7Rwzrk!a"
3NT2QG8NY36,bY3Uf?P6rl7BW
4QA0WK2CE72,aO3=/XC'~OVBsAhn
4FE9JK4CA68,qW1?%k@+DN4qV~V
2TN7J22JP96,kH2zTtU5#l0(
5N10XE1XJ33,"hL7'KfV?5,"
8Q33GY9RF89,oT1`!$@%JJ|LS
8DM0T98FW23,wR6b7M_Je
2HU4GM6AM83,oL5\c%T59Fp
2FV3PA2TR97,qK8Ux`UR}
3WQ1QJ8DR91,zY7<ojkdWu()
5K35DH6NE29,"wR8,J(HHxOSb5E"
5H19UE3UE65,yP6\kbSChaQz
7Y01VY1EP64,"lD5}P""2.+"
7QM8R04AK63,"iQ8=JAwFABaQ"""
9T20JF6JA14,"wX75F{s/Pah"""
1Q80VP8FU09,bI8wVWV2M@d
7GM1CU2JR84,cJ7}$8S'GQ*REvkL
8YW0G10NW61,"lY9K9hS""T<'EU{!V"
1U28F91PV76,tU8jUtve&lPn`
3MH4KQ4CX63,hY58+jQ<
9DM0AM9UV17,vE9G9RO>H=o3\L
6EH8PN1WA73,oK6|lJFA*S<HAz
6XP1FF8DU07,jR4dN`z`(dzy
9NF6Y46YH11,rH6GZf%qV
5K32AX1QW22,fC7(aHr)J6
5WE7TV1AN80,lB9lA8<k423RVo
8WH7QR9JR44,yD5sgoESr)
3ET0Q58DU35,kV14rv(N)}j%9P
9WG9G54QJ41,pH8sIJ\L?y6r1~
3V90NP0PK92,"qZ9""toYj`lhc#@"
9CA6TN5AM94,hZ3P(N/L
5M95YW4DC02,tU9vFbMY4
3GJ6V80PG91,bJ1%Wgr`nO00
6P82T16HG40,"xE92M""|>`bqm"
1JV6D99NU85,xO4eRex3ib
8VA9K95WH85,wJ6?ARl<T
6AF7VR8HY19,vK72!Uq5
2RR7XF4DP01,iZ1G}Fd}|
4V15MR8EX17,kS1u?YmD@}A6wi
2M56U62JW68,oC802)z=
5RV5H46DX06,pP9#9k>>b
9XJ7RN7YT81,"sN2""%{Isz)H}ZT!."
9TQ6E13TM84,uJ3pCPuq)W_l+*z_
7YV8K03HX66,xA9s2Aljl1WQ_LH_
3RV5D28PU23,hM8\$.a})JuL
8GH9KQ8FQ41,sZ2x4Ev8
8XG7H45KP89,"dF8{suj3Cm7,."
2QT2NT4MK83,dD1=crF1Xp>>}\.l
8CT9H01YP23,xC6975m>#Cdt.COd
6A93DR2CP45,yY6/}Dyepf*7&<Y
1VA1Q41TK47,nJ3Sf#PXr*
1YD7MG6AK19,wN2SKcYMT.J*
5MJ4RC8HX82,rC8DMg>F
3F47AW6YR91,zE8AI/vDS2F
5WG6D44QD61,xV3+T5TZ5FGXY
6WX7V58PR27,vG5~3h%Fs6e4(w
7T45ME7MK47,iF82eUIMEJyi(h=
6JX0NN6UG07,fC7)Y1@XmUGy>&X
6AE8KN2RK13,qJ1edVo_Gr0N
3MR2NK2JR60,gV06o4WgzuVd
1A20EA2TR52,dF6uf=o2~#wf
4HT0XA9CV93,fZ8'1bEQV`D?Sj
1DA5J17CE75,jP0`GZN&Y`
9NE5EE8KX96,jX40)asAq\
9WH2D88HU89,eR7)P4LzQD$TQ
4AC1E19KY73,hH3X@0)w/
9E80FD9DK44,tI0\4J5{0RO.FJm4
2CM1QQ5UX87,rK09ZRY=Uq
9J51RH9WM14,vI9'vdq$6
3JH0W49WR43,zW0AiU>CkQWlYd
4PA0E06MA51,kT8(Yt<>K
3AA9X51GJ39,"wI7""3.{4#hg,="
2KV8YD7JV56,vE8|ZbK.62#
6J07EF8YK08,"iS1&O""""`.I7erG("
9X01F83KG50,kZ86=i{c
1M80HD8AV80,wB6A.N\&&7j`O3?
3QD2RY1PR72,cT7y2Yl/M&?n
9V41TV0FF88,zA7YFgBXockV
8WF5AN6KA86,dP7~E_7ZxRPS+TD
6YA1V76DR40,fF5jwEOY#wS`#}Ld
9DY0VQ5CG89,tM7H(ET'7y
8MN6WE6YE36,"kD18%""@Zf8#J7Nnv"
6C70XX8JE18,"dV9Bq=m6,j(+a"
3EG2RQ3DN83,lC06PMhq{
8W72GH9PR52,rM4rN&RxLCyT
5XU8K82PW29,"yI8K1ZSUr,>{Y"
9MP3GH6TF99,jH8l$>yvlzYJ
5UF6MG0XU11,xG8hV{ucW
5KU9DF1XN73,"sQ2)$,Cgq(\WZI(R"
5GH3N90GF36,bE19hY(Z#?N2jvf
3HP9UG5YP36,sE6}eU>$
3W70TH9EC06,aG3GW|SEr.o1
4F21A21VN99,mM2NYbCwzXNHg
7UR5NY7WA11,mY5|}j/LK>g{
4HJ0TJ1GA94,qJ03|XxNQ$k9i
9KK1FH4NA08,cF1?/kv1
8KE1M44MM33,"eG8J9!{Z,8#VCMC"
8EY5V12JN96,zC41NU?K~2#U
2M23QJ4TM16,gU35=WLC&&N{Rx
6M23W95UG63,cH0`dSc@di.s
2R34FF0MM07,hI3+UfuRd
4JA3VT2PV71,"xA61""+?HUJ5'h7="
5XF9HD7FX74,zX0!VqAk
8G29NU2RC00,xN2Cf4I1P)@d
6DT4QW1KF17,oD1c=f#k&gAozc)
7G44RC8WJ44,iU3S3v<_Cl
3Y38CT6NV59,oT8aV2Bv
4PE4JW9UT17,zC5VapeAJ\T06
3QN2R68RE93,mS2S4opiTT`dC.s
2DV9DU8UM31,aQ5s|!v.9_r
6ND3AX9JP85,xO0Nws'8
7P84RM5DD34,"lW7O#r,/CIhD"
3GV6UC8FW99,pJ5lI3\!)~JVlj
6GM5C65PP94,zP1_i*>@L
1N54FN1JV79,zR8Q@\#N
4DT8W83MT79,vI00+`)&v++/
4AN5R51RV20,uO0+Re39Fa6v
5H18F45UX11,nY7$c$86Z{@qPZ
8GR5Y40FU19,oN6w0LOW2Utp
2D47N89NT46,aT90!?qg
1MU9MU7FU81,bQ9Yprjcidhw
1RA2YH2UD15,hK6M1W'ivP&)8q
5Q49KD4DW02,gW6=\+xp\
8T48UD6YV35,pE4cGQ2bE=1#7eA
6FM0YM9KA24,"pY6<)1,C"
9AQ2JX5GC15,cX0z=G/Uv
6TY0VA5GG83,nG2Qb&Vy.
4Y94DU6NT10,bW4?cbbh|Tph23S
3TU2X22TU39,"mF3}m=7my/?+o,1"
7YN2DM5KW23,hQ2=GC(**jmd
3T18KR1KY80,lK4Sv!DOg{H
8C23XF2KT51,rV35>Zv#}yg5
2R28WD7QP01,lM1<*2OY|#
6C81DV2GR70,oS2a%6B`_O?$BO+o
2AU9X84PT43,iU5T7sRw+0}n!7~B
9AT7QD0NE89,hJ0wZ(nO4}Wi
3TW3R69FJ15,nT97jcwn)KN_A
9QK8X72JM94,lN5`g=`'
2XE1GK4AW01,eF7tsKY?k&N
6AM3W43TQ94,oD6~VeWluye%9gK
5VE0NU1KT16,nU0k$\TOKjj}TgD>
2VX1CP9WM71,"kK4""Qa`O1@M.\"
4WW6RW2UF93,yI6tzO/q?</FLu
9GG5QA5GU39,fR2y~4A8(\
3CA8Q29AQ58,mC85v&Tdb=}YkW
1AA7GJ7FY78,oJ8|AP~`fY=uzK5a
4CU0NN2VQ27,"fF5""F/hu?Upo>s6%"
3JJ8VP5VU41,"gW9+xHe,sVzI90aO"
2U31GN2AH74,nI4W1{M7v43
5YU8QD2VX99,oZ53tr#P0RY_d
4NR7ET9KJ98,sQ7z<)Koq+nV&S
7PC4VD8TP92,wJ5E+7+O
4HH6DF7QW05,dY1SnFlCXv=(
7QN3PX3CJ43,nB0SdYED
2NX1A35EW67,yO6%}ONH
8J69VQ6DW46,yA94RI+J|s9
8R75M82PJ20,fV9ZD&s</n
4KT4YF9MX66,qC77.mSGo4i+K
1G35U29HU67,cR0@um6qqx8)c
3XG5FJ0MD43,gZ1!6BQg`3OL6#|
8TH8YU3WV59,xM7?<th&FV&~5F=w
4PX1EN9UX05,lP9K!h>Mb}x)
9T18K46TN02,hR2gJIb~
5E55Y58HE64,vM4xu*Ny
3YD4VP2YU91,oZ8k3#lmoB&L
8E33YX2YX78,lZ3epmHINH&
2Q18T23QW57,sY0$~~5P'u
8M22T92MJ19,rA4>Rk!dvY`d*FP
1NK4JM2NY24,"fY81D""QgF"
8RW9J34FJ26,wL7'|pnN5`(<q
5E65HD6DM84,rB4DBjaI?oPH
1C27XP3WJ60,aA9a)=S\Zs
2QM9C65FP62,"lA9#|#*D`@@(0"""
6DU5GW7EK65,"rW5v2I1*(*1#,PjK"
9A34UY1VK37,yS8jq8fO|}_K
4FW7E51GF66,"sQ0ctd""J"
1XG6UR3NW76,lO2rQhoh$~geR
3C23M63PR39,tP1*o|'AJ=ZV{GT?
3DD5DM4EA62,qP4.#1OTvY&\2FCr
7DU2KA2DV26,nZ5YOyn6D
7TJ3ED0VH00,nN6Vv)9BX$ioAB
9PX9NJ5HT58,rW4OEmP@h
3AK4VE3GH80,"aE1krL,PyXLNaR,"
2TV7DW0UW64,dF2SlfQH<
5FW3AH2NV78,qG4@Mp%sh!6{7c4
4C10JC4DW25,"iK4y>HdIq,3guleV"
7ND7QK8DK18,"fE0u""jYy"
1CR8U73QM37,gD3ZGgW\0
8W80AH2CY70,uJ66NTo=Tz\Zm4
4QJ6U17EJ34,kW6?)iRBnaK
1G39WY7GC51,uN8h`G'AD.79Ays
1YN9PK3AW84,lE5jbj4pjW>
9GH7C33WD90,wX3ycj@G
2PY9J71WM16,dA3?V>Lh(NWUmii%
2KY0NE4TE38,hU8c&zkg/2
5MP9JY5XN75,gM7OD8%Ed@|n
5M85H16DE36,lG7akHY6=bk
4MU3DG3XN77,"hS7l*h&,}"
4NK3DM4WY71,uM3mVOZyKb
2U45U10VG21,hR6FCdgTV+(LgR&r
7HH0VC2YD07,qJ9z=O)aPh5
9R73X31KU00,kM1#a</xdo
1V36QH6TR43,iZ9suCY7hW>\
9VP1R22QN83,qD8GJEAmv(y
6R60V06XK09,uU3`w`o1n
7FF9XY3FF36,tI4Qgq+>98i)k`
8X46X60QP22,yK9}p*xUR++
3UF1DD1UM13,uB6I(WQJ#Cw`nm
6VT5H88KT37,dH2>_6LV~)s7GAg
5Y91F08HE43,cZ98'WQt*s
1GV5FV8TG17,"wS7,J'XH"
7FV6VN6PM14,vA1HYQic<
8VP0JY3EU81,sM5ZizGgk_T
9R17N98CX51,wY6V7vK5I
3HJ6H18VJ26,cE2TAaY}xIN~sH=
8DN1C71FT38,cV9MKLJRYyb$Tp
2PX8WJ5PF82,iS9nIg3'
8WT3ED6TG11,wX0%dRF1
6C86N27KJ54,hB6'|Y=PsG*Htv
6V72JH3MX76,xO2?iI+A%c~L6
9U13R59MP63,xL10T9?!}!jW4wk<
4FJ8T99AK92,wV5HJ\l<&NQOuwq
3H16GN3KX22,xJ01_YJQN&9
4JJ0GG3QC00,iA45$MgT6@3ddf
5DD3C32AP56,"uO6Ep1,iLx/bw|Op"
8UQ0FW0PD06,pZ3O8|BlZNX6
3RE6EC2QA27,"yI9OxULmht<h""F"
3WP0UE9QG61,wR0Tg38c3@Xa
1KC4CH0VR13,aD9=}dM6J
2HM7X53CP29,"cL6X9h(xS6"""
7MG3E45GC13,iU4@.M>IP#I)8
1TY7HV3FJ54,vE9y_E_8D
5KN1ED4UQ65,"rL4<mC)&irrZG4,G"
7RK1DH8CC50,lH2#TOVOJzcq\VD
2HD7QN9MJ90,kM4bapUY~dzDg|Pu
7X94XR6FT54,bE0YJm}HX`&
6A35YJ3NF18,qS34'/(2K76t(|z9
7CM2AD8JM70,jM3BSauIY
7WH0EU7QT77,lE70A$rl.Ckoh&CO
3G25DJ0AP20,aW0Aqjr'/c
4X89H99EH60,"hS9,7$3S"
7CP4G33AJ88,jM1a%eE~CQ~pV
9QP7HP8XG58,jX4qW8cD
2F93YE0CN01,pJ6&<EJR!/G3dlCp
9QA0WC9TQ44,hQ31I@~E)
5HT6AE8JW07,lD8h96%(kk)DG{
7JF6KU0PG92,"tK5Vj=bToof"""
2Y38H13KF33,xO8zl(`{?aYtX|<D
7Y45A51FN94,"nO3lYkR7""8w\"
6E03NG7NW67,aX2B|y\g
2Y65QW8RY60,dB0vP0EHqJ
1Q44TF4PA17,mM85_nj'
5P65E28JF85,mB0f3XTGMO
5X09CF1CR15,pI9yvRmnpk}0Fl}
9DF7QT3KR29,mT8T\.2axOJ)
7VN8FT9YJ24,zR5wR6AyANsbud2%
5MH3M88MY09,kC2&BEwc@<
9HM2PG6MU38,nC4y\$r.UTJ
3R03KY7NT25,cF6C88fB
8K72NN8EU92,eJ1JA&JC3`SE#rnd
4GG3EA5GY55,sN32naXJr\Tv
7XC2RN4JM81,nJ8Zi2$K`sL>yj
6KA5NR6JG34,wW5NvrXx1Hd{3
2HT7KA6WC42,eG3~KQkx|Sr
8N17TJ5RK17,cI6Lf|D6h|%o
2R60XK9EA27,hC7|ld`TAc9
7AC7R17GC81,lN6z+SBl+_I5
9YP4KX6ER09,cM2F8!|P.l_GOw3@
2GN3R64CX40,gU4_mz\$
9DM9DE6JN51,cX42@gej7j)GBC9&
3AF1VW0RE10,oB0\J>2iyox
2CA1D27UX91,tV2xc}jbpov<c1a
7KM1FC0PP80,cG9BCR\L
5VY4YQ2DW06,"bU9wVXNF!""nt"
2HT1EH1QM68,hQ6B+'9GS{?
9GG9YU5AK20,"sO8""01(qzg{"
9QK3GF5RG02,cN0Y#WX!.j
1RT4G75NC07,uJ6H9P`8HqCze
8G38JR1UF60,dS7T24&XzV|1*YbF
5W64PA2RY89,"mH9""(2'rL_K"
9XK7FA0GQ52,jB9A9GF$aI)wVPc
6TV4UA6KN10,mC11QP{{D
1C12H93WD88,pE3#}l*\i
3MY7GH1FK62,eP6B.$M8E72#!J
1D56KJ9NC95,"zW8e,k@Rd,8g'>%"
8FF7JN3RT05,"sU8zcKX7S)@*w""t"
4K32RK3AN22,"mR4'""&@ltRGilMD{"
5VM9EJ2RK29,lG8Lr<.mXTes.?
3FV8TX6QF42,mG7D4(LAbq#Y@
5UP0A20TU09,sR8zX|sTxca40~D2
3YP8UC4WR15,yT4BQP!Pv6
4EY6DX2KD08,xS5(%d6c0y5GTC(
4CX6F20UX89,"pQ4SwYn(B""&PJhM"
9CX6YH7WW49,aR7L8U)U9t'\a<<n
4CU5FH0RW00,eM9@o_|9N
8N93FD1DG78,kJ9i)gH36l
9F85NV6XN95,iQ9fY*bQJnBmm
7UG3DE4XN43,"qX7_,q9IP?rm2"
4M92MV4EK32,iY0(@~~P.9
6JM6RX0HU31,"jE3Z!Y9K$?'9F,"
3T15V66YP79,bY0xOxGCHO
8Y45X03WJ32,"mC4ZaUt,O>JWD"
8Y42XH5PF49,yR5+~)*R|u@NM#
2A85DN7DV06,"nY9>,kr""Q*z"
1DD7HP2VR69,dS4Uom<??w\0<ZV
1WR3A28UU92,uC4&rNIQ2V@2
3RX3XG8NE55,aU8J<Inp3&%_
3X98DE3YH11,"iR6,Hxd*"
1W19QN4DW68,qH2SopBK8
9DD9VH5YP23,pQ9xQeo\
6AR5YD3GY45,zK0QQN&PWDmBu
7NU0D39PX44,zZ4l)4`2fo>_
4PT5H95WW88,"eZ7,ENVHh}m&_Bd"
3UY5CF2FK48,mU6pd9%tNp+
3TQ7JD7UT75,yA83zZTCxB
1DP0VC6QW49,oW41atR0(A'3b2
8Q74TJ5XA12,lQ62TBsD
6XA7GJ6XE07,"xC9d=aB2y|WnwcY"""
5A65DQ9UP66,rW1jK2V3VyHKO
9PF6UQ6UG12,wK0K?O7C*
7EP5N14QQ60,wW4<q%0s
6T89GN5XJ13,"dW6'7""iZG(/~rw"
1TR7DT6PQ32,wC9UiGT\F*u
4EJ1HQ0FY82,cT6C?\0P8C
9VV8NH4KQ50,tY4(w@NqM5n
8VF8GV8VX09,cH7|{Acmmb'=
4XV0CG8DW71,oM6'g(WP{0z
6ET0R38NM72,lK8lsromhceFc
9J17MC3QV39,zA6VLDiOnOn|QWX
8CM7E39EH48,eP0i/eQYvCei8
7MA6HU2JE51,"uF2Mk,y`4"
4NH6H24ME66,qY7mX.>+m!fz
7EF5KF9RT98,cW3B!45fKHiY
9GN2PY3NM01,"kL2u.B,=u8f#S"
5AV9RK3MU28,wL4c3YC&Gkh
3D60HT5XV39,qG0d7ry&/
9PD5AE5NC23,tY68)*h#4T
4WG1KQ2RG79,iI8TMOA{#Dh
6AY0N02HY76,sB7V(J{e
1G26AA2MY94,lD4.rMXv2CN#
9FK2GD6EY54,vR1e|*CUT8@
2N31QV8JC25,oV7L>fbjKw48
4W22GN5PN28,mG4>XR*K8A
2TF3P40QT27,xK9Lf'48PV=
9D21P04FF48,kC8`){&CRDbm&k
2MV7ET5RW69,"xP0`'""q!"
5T76WN4EC57,"gB6K0F0!$}aKy0"""
6V57VV2AE81,aK6X2+*IG*H
9FR4XN6EM94,bX6\yk@H@/n?
4WD6HP7FV49,iF3#EV(E7oT.A
9NG7T12RG02,"vC66dm*?q9"""
3DY7M98CY43,jR6$G$*(L>e3F=a#
6V45NN7PM85,fQ9f1)Pcl.Vw7
5YG5GT7QX47,eA7ey2S5
7V30X36EP71,"uJ3S,DmHRa1R"
9Y75ET8DF48,"yW3#mp4"""
4XF0N27WG56,"xQ8}""!4Q"
4N20T79MD83,jB0&>\+b
1CN7T24TN40,"hJ8m(cM,"
3JM1RV7GV28,gA4u}lO@@/znpK%
9PV1JD4VK90,cA9obCPSLp6F5o!
1CW7T55PQ03,tK9+tKr=eJ
7AY7Y54QC30,zV9}cx*`#o8~8\
4HJ6UU4MC54,nJ8CR(`>ICm&9dr
6K81W42QQ30,mP1am?/K
5WY8XP2YX63,vW8eh5j<~4k&l)T
7KP4U90DX76,bV8~aiJD6@Qmr
1UV7YW3PD02,jF7<U|lS
2D54JD6GF25,jB1C6?4DU
6JP1VT3TE69,kT1Nh\#O0c
4YY2N14DM46,yM8rk+dy
2MJ4MK1UU64,rY2+@E@vW3K|V`
8RU2VA3JG47,"gT7,df8HfjBJKC6"
7EG8FD2XM86,lG2uI'7\@$|s?
9EQ7E12CM38,pZ68Y6HPpbHTx$NQ
3D48MX8CT71,fO5b!*Ka+
9PY5K48JC44,pL0ScQ\@X
7E86KU9QV94,sG0!_!Ya\b\XPGoV
4H61Y85HP92,"jA3J.cH?""|_"
9K78P02AD26,mT1j|yIv)Y%%(9c
8Y87AG1PN78,nI1oO~OxoF
1KT9GR9VW78,uX98Hao{A\BG#}
8E81E64RV30,"aM5Ad""B3s"
2HX0EV0PH50,iA4Pn+IW$b
9FE0HG1GR86,gX2!v|{uS(&WB5Ts
6NG1P12TD21,gV1o`L$%P~6}$3M
6XD1T26TV36,"iT5?L`/N""PV0"
4YK5J83PV11,tI4Y{yPF
4V83VP8YF38,cH0UC@N2!Uia$1
7EM6QQ7VT11,eD6nA!8g
2W95N88UX62,"tR2/!pPHV*UP,6yV"
8EP8XF2TR08,gL2%IIk*Co$zD
7E98FJ0VX22,iQ9<8i`o=Z.}6/P*
6N52EK7CG55,mX4Pr|@5i|)MH
6C11K30DC70,lN79Nmu<t3I8
2M71RP0AX97,"yL5""l'zB"
1JH4NH6HG30,jP1iQ'&NR_9F
8FH9T17YF36,uQ0)9+8*XG5nV.b
8MD9Y79XN28,"tQ0Vw2R$6"""
1NY4J18FU32,iN16B%|gt`q
1PD0PN2VW86,qH7L2h`YM%zg
3H03PH6PY81,"nP0)X\S9Mr3a,7a"
5Q92U01AW50,lY8>?dNQvljJP9_R
4J62WQ6YP36,"qF7Obq,I>jVf"
3JN8W61RU59,sC5IC&TUyu+
5GN9C08TV59,bQ2mBd`/
7C97T20MP72,"mY1mT""mmh{"
8PK2QJ3VV26,uR043R48/jNl9
5GG9UA0KH53,nC8|(@dL6fR/MC5!
6Q22XW9FT93,xL6jD~%fR
7RY6NA4EN20,"aZ4Lg""_r"
5P67UN3TE12,iX0i#hnj2H
5H13NA4JT10,xB72.A_eF)W#U
7VK0DP8FP85,"kC2A6U$O@J""X"
3XF4QM3GA36,tJ5e.bYOC
1CF1RG1QF29,iM5x7X'%Uy
4AK3VP2DK84,zD8o'bJ5@2#
2PF5F38EX57,dH8`ilMfI7~Z1eb
3X06R31PH16,"wR9F""my&"
1UV3MQ9NP60,tQ6rNMu&`a>G2
4UC4XQ2VD55,uM7VKm$R8
1AJ9E67JU58,"aI2\k,3&.z38M_gw"
1U28A48UW50,aF3LhhX4R
2CV0VX1ND80,"eY7G/""BDf"
4M93R69CA13,cV2p'3R+qC)
5WQ8RN3YT74,"cH8.""3Lb&#M}&(|"
4AE8G26NX18,"qP1Pp7Ov""@)/fOq"
5P46YT0GC82,qP33QFeNoyB&menN
4EJ8JW4YR90,nL1Sh0g0@TLDR
1AY8T74XC42,"tP7M9sG,4wQp09j"
5TR1TE0KG26,xP0XZ\x8ZeQ0v`e
2H82UX6FA22,mA2F'(jXyFHd
7HN5DM8DJ09,gP7MKsU_Db9M72j
6V22NX1EX81,nN1TC7X81!#m_Wg
9MF8TJ8VY91,"qF9fj_>""yEOD"
4WG5TT1HH18,zA8cdJr_rT<0
7U47W85EY25,jN3qhjm(%<
7H27A84EU83,uH3+*R*q
6KD9VJ0FE56,"vF6B$%,jb$XGh"
3UE6YP5RA54,rU7CVI\MH?i
3FG2PU4DX15,uA0=&52RCB69OVQ
1AE9QW7QH42,iU8GXDSI<0}1u
1AG7AQ5WX23,cD4r?=X<eIl
4HY6D35JV96,"kV0DS.f)AZ""Xn"
3H23FP5UX35,jH9sI<Jm>#
1RD5JE1TM14,"oX5n)U.""!f"
6JA6E67CX89,hA5ARoXtCLQtHvp
1W82HY0HJ98,aX7inl)YW#
1TJ0KF9GA90,dG2U+u.4lBvuUtf
9EJ9GT9GJ77,hP10p%wZIH
6J60DV4XH14,bF29nV2Gct8W6?f
5QJ2FH8RP17,hG4nRm.#u@%\au/
1TN0GA7WW47,lA04isK!+4j
3H72XH0AT81,bL52t!I'
4G74AK7EV28,dL9)=0<p
9Y98RE0QN85,xF7exvqE_kIJ~|vK
6XV5WD3YM46,eO8*gD8ME`B9YhA
4QF9RN6CA93,rM3YQQ2o<F
7VM2GH5KT50,mW8n}Ki`r/f#'Qs)
4JF9M08PJ78,fE1a+d7#g\
4NK5VK0CJ10,uQ7d>H|i}
9TX9J07XF01,rH3s0*f6
6J12JE2CR15,nO0?lG8Ln\s
8KH6TC4TD64,cX0Heg!D
7CN6PF0GK66,vO0ipIXE
3U82EX7GF23,jC5exG3=OQ
6KD0XK2WT80,cN71YO|AwM
5C22W97XG55,iO7Ac_3+Y
2MG6DJ9FR07,vB4!h`5z
6NR8PG6KR56,"wG5PSC,9H~"
8JG3CD8GE08,"hW1~~Akgg,{i6+T`"
1NM4UV4EH76,oX9GCvvRm2(VLw
8D44WY2UF12,iA6duF+&{(@T
5M86GF2JF89,wI2(v4x2\5/E9(Zh
6TN3CK3QW28,wN3~EuuyC+~L
8Y46PN2EE83,"uS5n=,0pe~"
6AA3WT8CG27,uL91+~znxG9hI5T
7XG8H64HN57,mL9y=(.U}rKey
ORLO351YTKH3,TaMOcHiZ
