id,first_name,last_name,email,role,city
3VH4YC1VM60,Jeno,Innman,jinnman0@wikimedia.org,Student,Shangshaleng
1HC5U30FG90,Mel,Malcher,mmalcher1@deliciousdays.com,Admin,San Francisco
1EJ6TW8XH25,Oona,Reddin,oreddin2@wired.com,Student,Kabar Utara
2E05G54PY22,Yevette,Cinavas,ycinavas3@ifeng.com,Admin,Orléans
4V70AE2YW17,Constantine,Tetsall,ctetsall4@adobe.com,Teacher,Provatás
5R00HX1FJ42,Kenn,Bartoszek,kbartoszek5@go.com,Teacher,Wanmingang
3Y37VQ1MQ93,Jean,Skechley,jskechley6@webmd.com,Admin,Bagumbayan
8HQ7HF6YR00,Kristan,Birkett,kbirkett7@google.pl,Admin,Pueblo Nuevo
8P17A18TA80,Orelle,Miners,ominers8@independent.co.uk,Student,Bandeirantes
2UM8CN0PQ66,Kamila,Bunt,kbunt9@themeforest.net,Teacher,Banaybanay
1CV8NC8XM28,Arnaldo,Wardlaw,awardlawa@constantcontact.com,Student,Severoural'sk
8JR5JQ3MH11,Madelina,Fazan,mfazanb@wordpress.org,Student,Bicos
6JW2P58QU50,Carola,Kinglake,ckinglakec@utexas.edu,Student,Hoima
5D03Q83XQ28,Andris,Iacobassi,aiacobassid@berkeley.edu,Teacher,Romny
5QN8KD1KJ87,Xavier,Driuzzi,xdriuzzie@ibm.com,Teacher,Pandan
4RH4G14CJ24,Susi,Crawley,scrawleyf@360.cn,Student,Tizguine
9KP1E04VV26,Deedee,Slegg,dsleggg@delicious.com,Student,Alkmaar
3YD1Y37GX53,Hogan,Swanton,hswantonh@skyrock.com,Admin,Jiangcun
8XK1MA5WY44,Cindelyn,Accum,caccumi@bloomberg.com,Admin,Ponta Grossa
7YT1E51QH77,Maurie,Cadagan,mcadaganj@blog.com,Admin,Biaokou
9NG7V83VR82,Cindelyn,Crevagh,ccrevaghk@dot.gov,Student,Killorglin
5JN1UP8TG01,Karlie,Goodread,kgoodreadl@deliciousdays.com,Student,Xiongzhang
3NT2QG8NY36,Elaina,Lipscomb,elipscombm@cmu.edu,Teacher,Ulaan-Uul
4QA0WK2CE72,Odie,Idel,oideln@cdbaby.com,Student,Abonnema
4FE9JK4CA68,Honor,Giff,hgiffo@unblog.fr,Admin,Reriz
2TN7J22JP96,Rudie,Munt,rmuntp@free.fr,Teacher,Caçador
5N10XE1XJ33,Fayth,Langmaid,flangmaidq@tumblr.com,Admin,Nangerang
8Q33GY9RF89,Inness,Lorenz,ilorenzr@jimdo.com,Admin,Dawangzhuang
8DM0T98FW23,Reinhold,Neely,rneelys@cargocollective.com,Teacher,Kitakyūshū
2HU4GM6AM83,Ignazio,Sproson,isprosont@discovery.com,Admin,Tegalwero
2FV3PA2TR97,Germaine,Elphinstone,gelphinstoneu@webeden.co.uk,Student,Pato-o
3WQ1QJ8DR91,Madalyn,Evans,mevansv@booking.com,Teacher,Waldbredimus
5K35DH6NE29,Elke,Goldstein,egoldsteinw@mapquest.com,Teacher,Valencia
5H19UE3UE65,Chrissie,Albin,calbinx@ft.com,Admin,Borūjerd
7Y01VY1EP64,Tedmund,Dumper,tdumpery@nps.gov,Teacher,Sabana de Parra
7QM8R04AK63,Rand,Stife,rstifez@ebay.co.uk,Admin,Uppsala
9T20JF6JA14,Alfredo,Dibbin,adibbin10@example.com,Admin,Sumberan
1Q80VP8FU09,Kaitlin,Boribal,kboribal11@ow.ly,Teacher,Marseille
7GM1CU2JR84,Anita,Bosma,abosma12@xing.com,Admin,Haoping
8YW0G10NW61,Eadmund,Sainte Paul,esaintepaul13@biglobe.ne.jp,Teacher,Kromasan
1U28F91PV76,Winslow,Gaskins,wgaskins14@narod.ru,Student,Las Ánimas
3MH4KQ4CX63,Nikolaos,Benyon,nbenyon15@goo.gl,Teacher,Qingxi
9DM0AM9UV17,Charleen,Phillipp,cphillipp16@jalbum.net,Teacher,Büzmeýin
6EH8PN1WA73,Tomas,Dunk,tdunk17@usda.gov,Admin,Luruaco
6XP1FF8DU07,Christi,Coldtart,ccoldtart18@geocities.jp,Teacher,Novyy Svit
9NF6Y46YH11,Rollo,Fasler,rfasler19@livejournal.com,Teacher,Naval
5K32AX1QW22,Darleen,Deetch,ddeetch1a@xinhuanet.com,Student,Novi Kneževac
5WE7TV1AN80,Deanne,Hecks,dhecks1b@newsvine.com,Teacher,Ōyama
8WH7QR9JR44,Sorcha,Stennet,sstennet1c@shutterfly.com,Admin,Sandao
3ET0Q58DU35,El,Freake,efreake1d@yelp.com,Student,Hashaat
9WG9G54QJ41,Barney,Greenhead,bgreenhead1e@wufoo.com,Student,Pizhma
3V90NP0PK92,Evan,Waddilove,ewaddilove1f@opensource.org,Admin,Padamulya
9CA6TN5AM94,Eugene,Diche,ediche1g@360.cn,Student,Bentar Girang
5M95YW4DC02,Del,Martinet,dmartinet1h@howstuffworks.com,Admin,Gondomar
3GJ6V80PG91,Hadrian,Baildon,hbaildon1i@phoca.cz,Student,Cerro Colorado
6P82T16HG40,Lucio,Romanelli,lromanelli1j@yolasite.com,Student,Dhī as Sufāl
1JV6D99NU85,Jocko,Paskins,jpaskins1k@boston.com,Student,Kíti
8VA9K95WH85,Lynna,Torrans,ltorrans1l@salon.com,Admin,Haligue
6AF7VR8HY19,Fleurette,Goodacre,fgoodacre1m@washingtonpost.com,Teacher,Tuanshan
2RR7XF4DP01,Rowland,Berkley,rberkley1n@indiegogo.com,Teacher,Huqiu
4V15MR8EX17,Peter,Wilshire,pwilshire1o@digg.com,Student,Lisków
2M56U62JW68,Harlan,Crichten,hcrichten1p@google.com,Student,Pontes
5RV5H46DX06,Carree,Ibbitt,cibbitt1q@homestead.com,Teacher,Ambato
9XJ7RN7YT81,Burr,Walker,bwalker1r@wp.com,Student,Smederevo
9TQ6E13TM84,Bette-ann,Jessopp,bjessopp1s@scientificamerican.com,Admin,Krajan Tengah
7YV8K03HX66,Arni,Parvin,aparvin1t@123-reg.co.uk,Admin,Pirassununga
3RV5D28PU23,Iggie,Kermit,ikermit1u@abc.net.au,Student,Nunmanu
8GH9KQ8FQ41,Sissie,Iacoviello,siacoviello1v@free.fr,Student,Hengli
8XG7H45KP89,Ellwood,Pett,epett1w@studiopress.com,Admin,Ipatinga
2QT2NT4MK83,Martie,Midlar,mmidlar1x@npr.org,Student,Skövde
8CT9H01YP23,Yorgos,Drioli,ydrioli1y@php.net,Student,São Bartolomeu
6A93DR2CP45,Farrand,Briggs,fbriggs1z@comsenz.com,Teacher,Tong'an
1VA1Q41TK47,Smith,Parlott,sparlott20@surveymonkey.com,Admin,Ōfunato
1YD7MG6AK19,Osmond,Fawcus,ofawcus21@spotify.com,Admin,Longnawang
5MJ4RC8HX82,Marcel,Bontoft,mbontoft22@dell.com,Student,Rammūn
3F47AW6YR91,Ellary,Brookbank,ebrookbank23@desdev.cn,Admin,Ust'-Katav
5WG6D44QD61,Jacynth,Northcott,jnorthcott24@gov.uk,Admin,Kuala Lumpur
6WX7V58PR27,Lorri,MacGee,lmacgee25@ebay.com,Student,Barwałd Średni
7T45ME7MK47,Esmaria,Apdell,eapdell26@wunderground.com,Admin,Bongsri
6JX0NN6UG07,Abner,Sandifer,asandifer27@springer.com,Student,Avarua
6AE8KN2RK13,Lacie,Mongain,lmongain28@theguardian.com,Student,Kamen
3MR2NK2JR60,Adelina,Paige,apaige29@oaic.gov.au,Student,Pogonsili
1A20EA2TR52,Fritz,Matyasik,fmatyasik2a@ezinearticles.com,Admin,Septfontaines
4HT0XA9CV93,Lou,Woodrooffe,lwoodrooffe2b@diigo.com,Student,Fengqiao
1DA5J17CE75,Tildie,Greiswood,tgreiswood2c@rambler.ru,Admin,Solnechnoye
9NE5EE8KX96,Gabriella,Rennolds,grennolds2d@google.nl,Teacher,Xinzha
9WH2D88HU89,Diena,Rizzetti,drizzetti2e@cbsnews.com,Student,Quba
4AC1E19KY73,Ivor,Valois,ivalois2f@shop-pro.jp,Teacher,Yanacancha
9E80FD9DK44,Sharity,Campos,scampos2g@cargocollective.com,Teacher,Okinawa
2CM1QQ5UX87,Yance,Stenyng,ystenyng2h@huffingtonpost.com,Admin,Chodová Planá
9J51RH9WM14,Zorine,Sonner,zsonner2i@cdbaby.com,Student,Xidoupu
3JH0W49WR43,Natasha,Minichi,nminichi2j@answers.com,Teacher,Wadungasri
4PA0E06MA51,Peyton,Pixton,ppixton2k@slideshare.net,Teacher,Homagama
3AA9X51GJ39,Fran,Cattemull,fcattemull2l@shutterfly.com,Admin,Aygavan
2KV8YD7JV56,Paddie,De Carlo,pdecarlo2m@privacy.gov.au,Admin,Taihe
6J07EF8YK08,Wait,Ruppelin,wruppelin2n@ebay.co.uk,Teacher,Guozhuang
9X01F83KG50,Alexio,Frankish,afrankish2o@wikimedia.org,Student,Mamponteng
1M80HD8AV80,Napoleon,Franciotti,nfranciotti2p@soundcloud.com,Student,Buur Gaabo
3QD2RY1PR72,Blisse,Johnston,bjohnston2q@photobucket.com,Student,Digkilaan
9V41TV0FF88,Ellis,Orr,eorr2r@prweb.com,Admin,Kvänum
8WF5AN6KA86,Tadd,Andriveau,tandriveau2s@disqus.com,Teacher,Kesambilerenkrajan
6YA1V76DR40,Fee,Braidman,fbraidman2t@twitpic.com,Student,Sande São Lourenço
9DY0VQ5CG89,Ertha,Bromley,ebromley2u@nationalgeographic.com,Teacher,Imaichi
8MN6WE6YE36,Chelsae,Castellini,ccastellini2v@hostgator.com,Admin,Selydove
6C70XX8JE18,Olympie,Flexman,oflexman2w@craigslist.org,Student,Palhoça
3EG2RQ3DN83,Belle,Gouth,bgouth2x@timesonline.co.uk,Student,Vélizy-Villacoublay
8W72GH9PR52,Leticia,Lomb,llomb2y@telegraph.co.uk,Teacher,Milanówek
5XU8K82PW29,Audra,Breit,abreit2z@360.cn,Student,Lallayug
9MP3GH6TF99,Enrichetta,Snoad,esnoad30@admin.ch,Teacher,Skuratovskiy
5UF6MG0XU11,Terrence,Colls,tcolls31@slate.com,Student,Villa Ojo de Agua
5KU9DF1XN73,Valentin,Littrell,vlittrell32@globo.com,Student,Plavsk
5GH3N90GF36,Madelina,Kislingbury,mkislingbury33@bloomberg.com,Admin,Wulan
3HP9UG5YP36,Isobel,Weinham,iweinham34@webs.com,Teacher,Kopang Satu
3W70TH9EC06,Philippa,Filipovic,pfilipovic35@nhs.uk,Teacher,Berendeyevo
4F21A21VN99,Clarine,Spriddle,cspriddle36@un.org,Student,Ścinawa
7UR5NY7WA11,Carol,Shotter,cshotter37@sourceforge.net,Teacher,Caper
4HJ0TJ1GA94,Jerrine,Fieller,jfieller38@ibm.com,Admin,Wakiso
9KK1FH4NA08,Denney,Bodimeade,dbodimeade39@wikimedia.org,Teacher,Bojongnangka
8KE1M44MM33,Arturo,Epinoy,aepinoy3a@dropbox.com,Admin,Hoima
8EY5V12JN96,Viole,Lymbourne,vlymbourne3b@typepad.com,Student,Rancapanjang
2M23QJ4TM16,Rene,Poundsford,rpoundsford3c@loc.gov,Teacher,Syracuse
6M23W95UG63,Emiline,Drabble,edrabble3d@abc.net.au,Admin,Sinuknipan
2R34FF0MM07,Flory,Draysey,fdraysey3e@wufoo.com,Student,Yola
4JA3VT2PV71,Reginauld,Waggatt,rwaggatt3f@livejournal.com,Teacher,Chifeng
5XF9HD7FX74,Ynes,Walthall,ywalthall3g@phpbb.com,Student,Tsotsin-Yurt
8G29NU2RC00,Rozanne,Deards,rdeards3h@hexun.com,Admin,Napuro
6DT4QW1KF17,Di,Boatwright,dboatwright3i@hud.gov,Admin,Ar Rawḑah
7G44RC8WJ44,Alister,Pember,apember3j@imageshack.us,Student,Trebisht-Muçinë
3Y38CT6NV59,Leodora,Kermitt,lkermitt3k@tuttocitta.it,Teacher,Shushicë
4PE4JW9UT17,Modestia,Everex,meverex3l@surveymonkey.com,Student,Jalālābād
3QN2R68RE93,Gasparo,MacDermott,gmacdermott3m@miibeian.gov.cn,Teacher,Káto Nevrokópi
2DV9DU8UM31,Cally,Kimbley,ckimbley3n@deliciousdays.com,Teacher,Riachão das Neves
6ND3AX9JP85,Lucine,Bish,lbish3o@mtv.com,Student,Wuyang
7P84RM5DD34,Elnore,Thurber,ethurber3p@mashable.com,Admin,Vierzon
3GV6UC8FW99,Betta,Soltan,bsoltan3q@constantcontact.com,Admin,Isulan
6GM5C65PP94,Halsy,Vaines,hvaines3r@nytimes.com,Student,Baro Kunda
1N54FN1JV79,Frederich,Cropper,fcropper3s@squarespace.com,Student,Huibu
4DT8W83MT79,Ginny,Franckton,gfranckton3t@mac.com,Admin,Svilengrad
4AN5R51RV20,Cybill,Whitehorne,cwhitehorne3u@infoseek.co.jp,Teacher,Zürich
5H18F45UX11,Elysha,Haylands,ehaylands3v@de.vu,Teacher,Claveria
8GR5Y40FU19,Ardelia,Sudran,asudran3w@photobucket.com,Student,New York City
2D47N89NT46,Tricia,Fanstone,tfanstone3x@digg.com,Admin,Reims
1MU9MU7FU81,William,Chisholm,wchisholm3y@va.gov,Student,Kola
1RA2YH2UD15,Dorelia,McTavish,dmctavish3z@jalbum.net,Teacher,Jiujie
5Q49KD4DW02,Paolo,Langham,plangham40@edublogs.org,Student,Kuching
8T48UD6YV35,Lavinia,Weaver,lweaver41@jiathis.com,Teacher,Solidaridad
6FM0YM9KA24,Kaja,Wooffinden,kwooffinden42@sphinn.com,Student,Huangmei
9AQ2JX5GC15,Elsi,Harty,eharty43@mapquest.com,Admin,Arbais
6TY0VA5GG83,Aloysius,Scruton,ascruton44@free.fr,Teacher,Atolina
4Y94DU6NT10,Worden,Fennell,wfennell45@springer.com,Admin,Tovačov
3TU2X22TU39,Kathryn,Brunton,kbrunton46@blogs.com,Teacher,Erfurt
7YN2DM5KW23,Hanny,Fetherstan,hfetherstan47@businesswire.com,Admin,Dębno
3T18KR1KY80,Marika,Wylder,mwylder48@purevolume.com,Admin,Belawang
8C23XF2KT51,Min,Calow,mcalow49@sitemeter.com,Admin,Moreno
2R28WD7QP01,Adan,Santore,asantore4a@mail.ru,Teacher,Tangkolo
6C81DV2GR70,Val,Mallard,vmallard4b@joomla.org,Student,Llama
2AU9X84PT43,Hally,Spatig,hspatig4c@mapy.cz,Admin,Quanyang
9AT7QD0NE89,Egor,MacDearmid,emacdearmid4d@addthis.com,Admin,Pampanito
3TW3R69FJ15,Marcello,Glencorse,mglencorse4e@mozilla.org,Admin,Qal'ah-ye Kūf
9QK8X72JM94,Heriberto,Cordoba,hcordoba4f@issuu.com,Student,Mari
2XE1GK4AW01,Trixy,Bonnor,tbonnor4g@cloudflare.com,Student,Shiliting
6AM3W43TQ94,Emmalynn,Leale,eleale4h@cisco.com,Teacher,Saitama
5VE0NU1KT16,Gil,Ripper,gripper4i@irs.gov,Teacher,Gapuk
2VX1CP9WM71,Nester,Merrgan,nmerrgan4j@pcworld.com,Teacher,Lijiapu
4WW6RW2UF93,Goldia,Cansfield,gcansfield4k@ehow.com,Teacher,Fovissste
9GG5QA5GU39,Carroll,Byrne,cbyrne4l@miibeian.gov.cn,Student,Soito
3CA8Q29AQ58,Madella,Verrico,mverrico4m@intel.com,Admin,Engenheiro Beltrão
1AA7GJ7FY78,Renelle,Overlow,roverlow4n@dagondesign.com,Admin,Tamorong
4CU0NN2VQ27,Hector,Hincks,hhincks4o@tripadvisor.com,Admin,Fuyu
3JJ8VP5VU41,Emelita,Crisell,ecrisell4p@earthlink.net,Admin,Fengshan
2U31GN2AH74,Sheilah,Adamowitz,sadamowitz4q@technorati.com,Teacher,Undurkhaan
5YU8QD2VX99,Bobine,Hunting,bhunting4r@themeforest.net,Admin,Fengjiang
4NR7ET9KJ98,Benedetto,Killen,bkillen4s@unblog.fr,Teacher,Hengdian
7PC4VD8TP92,Major,Tebb,mtebb4t@ovh.net,Student,N'dalatando
4HH6DF7QW05,Ivor,Eicke,ieicke4u@zimbio.com,Teacher,Knurów
7QN3PX3CJ43,Elsbeth,Antony,eantony4v@miibeian.gov.cn,Admin,Sunjia
2NX1A35EW67,Janina,Sharram,jsharram4w@infoseek.co.jp,Admin,Gexi
8J69VQ6DW46,Freeman,De Michetti,fdemichetti4x@state.gov,Admin,Itapemirim
8R75M82PJ20,Bartholomeo,Myderscough,bmyderscough4y@godaddy.com,Teacher,Beiping
4KT4YF9MX66,Ashely,O'Finan,aofinan4z@hibu.com,Student,Talovyy
1G35U29HU67,Glory,MacCard,gmaccard50@bizjournals.com,Teacher,Eloy Alfaro
3XG5FJ0MD43,Oran,Troctor,otroctor51@discuz.net,Student,Nowy Dwór Gdański
8TH8YU3WV59,Brendis,Delle,bdelle52@craigslist.org,Student,Bamiantong
4PX1EN9UX05,Flynn,Odger,fodger53@usgs.gov,Teacher,Shixian
9T18K46TN02,Stanley,Issard,sissard54@smugmug.com,Admin,Piduhe
5E55Y58HE64,Amery,Blamire,ablamire55@diigo.com,Student,Pantin
3YD4VP2YU91,Hestia,Mewitt,hmewitt56@google.com.br,Student,Kurye
8E33YX2YX78,Fernanda,Kolin,fkolin57@usa.gov,Student,Daxi
2Q18T23QW57,Bron,Chanson,bchanson58@samsung.com,Admin,Pampa de los Guanacos
8M22T92MJ19,Brooke,Momery,bmomery59@livejournal.com,Student,Mababanaba
1NK4JM2NY24,Alexandrina,Cressingham,acressingham5a@usatoday.com,Student,Jaguariaíva
8RW9J34FJ26,Jaime,Mogg,jmogg5b@oaic.gov.au,Admin,Tocota
5E65HD6DM84,Cristine,Clutterbuck,cclutterbuck5c@github.com,Student,Vetluzhskiy
1C27XP3WJ60,Jaime,Knatt,jknatt5d@networksolutions.com,Admin,Heret
2QM9C65FP62,Leoline,Kleinber,lkleinber5e@myspace.com,Teacher,Rakaia
6DU5GW7EK65,Edan,Roxbrough,eroxbrough5f@webeden.co.uk,Student,Picungbera
9A34UY1VK37,Averill,Pinkett,apinkett5g@prnewswire.com,Teacher,Mazār-e Sharīf
4FW7E51GF66,Sheilakathryn,Alessandone,salessandone5h@etsy.com,Admin,Reshetikha
1XG6UR3NW76,Anna-diane,Robker,arobker5i@tamu.edu,Admin,Zudun
3C23M63PR39,Guss,Osmund,gosmund5j@jiathis.com,Student,Nsok
3DD5DM4EA62,Cash,Enterle,centerle5k@forbes.com,Teacher,Songqiao
7DU2KA2DV26,Adham,Anten,aanten5l@imdb.com,Admin,Campoverde
7TJ3ED0VH00,Jakie,Thiem,jthiem5m@reference.com,Admin,Laifang
9PX9NJ5HT58,Ashton,Houdmont,ahoudmont5n@exblog.jp,Teacher,Dadapan
3AK4VE3GH80,Gannon,Wornum,gwornum5o@answers.com,Teacher,Arnage
2TV7DW0UW64,Ivie,Rossander,irossander5p@de.vu,Student,San Antonio
5FW3AH2NV78,Gwendolyn,Klaas,gklaas5q@cyberchimps.com,Teacher,Jaroměřice
4C10JC4DW25,Elvina,Mansfield,emansfield5r@twitter.com,Student,Tomelilla
7ND7QK8DK18,Sayers,Bambrough,sbambrough5s@reference.com,Admin,Xiaomiaozi
1CR8U73QM37,Arch,Impleton,aimpleton5t@facebook.com,Teacher,Guwoterus
8W80AH2CY70,Hank,Quarmby,hquarmby5u@free.fr,Student,Clarin
4QJ6U17EJ34,Adelina,Garlant,agarlant5v@state.gov,Student,Reitoca
1G39WY7GC51,Brena,Rutledge,brutledge5w@hp.com,Admin,Qimantage
1YN9PK3AW84,Gaultiero,Greyes,ggreyes5x@guardian.co.uk,Teacher,Dagang
9GH7C33WD90,Pam,Ipsgrave,pipsgrave5y@slashdot.org,Teacher,Nova Era
2PY9J71WM16,Hillary,Honig,hhonig5z@bbc.co.uk,Student,Lambangan Kulon
2KY0NE4TE38,Brew,Millichip,bmillichip60@4shared.com,Admin,Ishqoshim
5MP9JY5XN75,Selestina,Birch,sbirch61@google.de,Student,Longkou
5M85H16DE36,Marji,Tiernan,mtiernan62@canalblog.com,Admin,Hengshui
4MU3DG3XN77,Nicolea,Findlater,nfindlater63@123-reg.co.uk,Teacher,Linqu
4NK3DM4WY71,Misty,Hedaux,mhedaux64@nba.com,Admin,Kadipaten
2U45U10VG21,Ingram,Gass,igass65@tripod.com,Admin,Langres
7HH0VC2YD07,Kurt,Stangoe,kstangoe66@xing.com,Teacher,Leżajsk
9R73X31KU00,Matteo,Lumbly,mlumbly67@scientificamerican.com,Teacher,Saltsjöbaden
1V36QH6TR43,Val,Wemyss,vwemyss68@skype.com,Student,Ḑawrān ad Daydah
9VP1R22QN83,Al,Wycherley,awycherley69@github.io,Student,Mozhong
6R60V06XK09,Neal,Syseland,nsyseland6a@yahoo.co.jp,Admin,Xuji
7FF9XY3FF36,Adora,McNeice,amcneice6b@angelfire.com,Student,Al 'Ayzarīyah
8X46X60QP22,Heloise,Brendel,hbrendel6c@slideshare.net,Teacher,Tampekan
3UF1DD1UM13,Clywd,Mattin,cmattin6d@mtv.com,Teacher,Cipeundeuy
6VT5H88KT37,Burnard,Brouwer,bbrouwer6e@t.co,Teacher,Kliteh
5Y91F08HE43,Flo,Kaaskooper,fkaaskooper6f@nbcnews.com,Admin,Lazaro Cardenas
1GV5FV8TG17,Justinn,Knightley,jknightley6g@goo.ne.jp,Admin,Jingtou
7FV6VN6PM14,Orton,Gumby,ogumby6h@businessweek.com,Student,Węgry
8VP0JY3EU81,Kendal,Linkleter,klinkleter6i@bizjournals.com,Student,Atouguia
9R17N98CX51,Percival,De Laspee,pdelaspee6j@squarespace.com,Student,Pampanito
3HJ6H18VJ26,Kirk,Wilman,kwilman6k@rakuten.co.jp,Teacher,San Narciso
8DN1C71FT38,Lilias,Tenant,ltenant6l@latimes.com,Admin,Kari
2PX8WJ5PF82,Hersh,Mattisssen,hmattisssen6m@odnoklassniki.ru,Student,Sylvan Lake
8WT3ED6TG11,Gerhardt,Ablewhite,gablewhite6n@tmall.com,Student,Ta'izz
6C86N27KJ54,Tamqrah,Babbidge,tbabbidge6o@cargocollective.com,Teacher,Qiulu
6V72JH3MX76,Josias,Braiden,jbraiden6p@google.com.hk,Student,Limeira
9U13R59MP63,Nil,Mangion,nmangion6q@free.fr,Admin,Nanjie
4FJ8T99AK92,Kameko,Erwin,kerwin6r@princeton.edu,Student,Ipoti
3H16GN3KX22,Gabe,Bullcock,gbullcock6s@is.gd,Teacher,Geyuan
4JJ0GG3QC00,Malena,Crickmore,mcrickmore6t@creativecommons.org,Student,Wenquan
5DD3C32AP56,Jaymie,Syers,jsyers6u@icio.us,Teacher,Guijalo
8UQ0FW0PD06,Danette,Ferres,dferres6v@booking.com,Teacher,Ostrów Lubelski
3RE6EC2QA27,Coleman,Paolucci,cpaolucci6w@biglobe.ne.jp,Student,Kárystos
3WP0UE9QG61,Steffie,Stovell,sstovell6x@scribd.com,Teacher,Yelenendorf
1KC4CH0VR13,Arabella,Van Arsdalen,avanarsdalen6y@aboutads.info,Teacher,Dateng
2HM7X53CP29,Dick,Larciere,dlarciere6z@people.com.cn,Admin,Proença-a-Nova
7MG3E45GC13,Malory,Annies,mannies70@cargocollective.com,Student,Níkaia
1TY7HV3FJ54,Jasmin,Drewell,jdrewell71@ovh.net,Teacher,Tembayangan Barat
5KN1ED4UQ65,Rivi,Thresh,rthresh72@meetup.com,Student,Albuera
7RK1DH8CC50,Blayne,Finlater,bfinlater73@usatoday.com,Teacher,Seteluk Tengah
2HD7QN9MJ90,Debor,Smallman,dsmallman74@cisco.com,Admin,Roodepoort
7X94XR6FT54,Borg,Padginton,bpadginton75@globo.com,Admin,Aībak
6A35YJ3NF18,Jobi,Marjoribanks,jmarjoribanks76@bizjournals.com,Student,Al Qadmūs
7CM2AD8JM70,Valerye,Shale,vshale77@umn.edu,Teacher,San José de Colinas
7WH0EU7QT77,Roseanna,Caret,rcaret78@usgs.gov,Student,Logroño
3G25DJ0AP20,Dorree,Swate,dswate79@histats.com,Admin,28 de Noviembre
4X89H99EH60,Westley,Driscoll,wdriscoll7a@xinhuanet.com,Admin,Chendong
7CP4G33AJ88,Darby,Cearley,dcearley7b@prweb.com,Student,Takeshiken
9QP7HP8XG58,Amy,Cutajar,acutajar7c@homestead.com,Student,Jaba
2F93YE0CN01,Bart,Bispham,bbispham7d@ezinearticles.com,Teacher,Bianxiong
9QA0WC9TQ44,Bud,Holyland,bholyland7e@g.co,Admin,Knyaginino
5HT6AE8JW07,Hersch,Insworth,hinsworth7f@buzzfeed.com,Student,Baizhang
7JF6KU0PG92,Israel,Easterby,ieasterby7g@hugedomains.com,Student,Malanów
2Y38H13KF33,Florida,Juniper,fjuniper7h@studiopress.com,Student,Ylämaa
7Y45A51FN94,Bobby,Smithson,bsmithson7i@gov.uk,Student,Situ
6E03NG7NW67,Teddy,Whitford,twhitford7j@china.com.cn,Teacher,Ormstown
2Y65QW8RY60,Torie,Scamwell,tscamwell7k@jimdo.com,Admin,Kavadarci
1Q44TF4PA17,Alana,Presslie,apresslie7l@hugedomains.com,Admin,Ippy
5P65E28JF85,Melania,Chichgar,mchichgar7m@narod.ru,Admin,New York City
5X09CF1CR15,Sande,Benito,sbenito7n@ox.ac.uk,Student,Hamar
9DF7QT3KR29,Ferrel,Jorissen,fjorissen7o@quantcast.com,Teacher,Tortosa
7VN8FT9YJ24,Eilis,Hundell,ehundell7p@godaddy.com,Admin,Pulau Tiga
5MH3M88MY09,Mikkel,Rossiter,mrossiter7q@wufoo.com,Admin,Desamparados
9HM2PG6MU38,Nicky,Fitchell,nfitchell7r@adobe.com,Student,Cumanayagua
3R03KY7NT25,Tilda,Erbe,terbe7s@china.com.cn,Student,Mafa
8K72NN8EU92,Leeland,Vearnals,lvearnals7t@github.io,Teacher,Hägersten
4GG3EA5GY55,Raquel,Kiledal,rkiledal7u@godaddy.com,Student,Волочаевское
7XC2RN4JM81,Barnabas,Barnewell,bbarnewell7v@google.es,Admin,San Diego
6KA5NR6JG34,Sydel,Sparks,ssparks7w@themeforest.net,Student,Golovinskiy
2HT7KA6WC42,Clem,Klulik,cklulik7x@jiathis.com,Admin,Bianxiong
8N17TJ5RK17,Tomlin,Karpman,tkarpman7y@fda.gov,Student,Czarna Woda
2R60XK9EA27,Joshuah,MacKegg,jmackegg7z@webnode.com,Student,Kurashiki
7AC7R17GC81,Harrie,Coyish,hcoyish80@princeton.edu,Teacher,Longping
9YP4KX6ER09,Mirabella,Poge,mpoge81@jigsy.com,Admin,Goyty
2GN3R64CX40,Niko,Joskovitch,njoskovitch82@printfriendly.com,Teacher,Jakubowice Murowane
9DM9DE6JN51,Abbott,Goundry,agoundry83@odnoklassniki.ru,Teacher,Infonavit
3AF1VW0RE10,Alexio,Moyce,amoyce84@chronoengine.com,Teacher,Cedry Wielkie
2CA1D27UX91,Jacquette,Balog,jbalog85@deviantart.com,Student,Qingsong
7KM1FC0PP80,Nadean,Sutehall,nsutehall86@cargocollective.com,Admin,Xiema
5VY4YQ2DW06,Junette,Rolin,jrolin87@godaddy.com,Student,Nairobi
2HT1EH1QM68,Marybeth,Clawe,mclawe88@desdev.cn,Admin,Ambositra
9GG9YU5AK20,Georg,Pinson,gpinson89@wufoo.com,Admin,Cibeunying
9QK3GF5RG02,Jojo,Spurge,jspurge8a@aboutads.info,Student,Las Flores
1RT4G75NC07,Valida,Pieter,vpieter8b@amazon.de,Teacher,Rio Novo do Sul
8G38JR1UF60,Kathleen,Mitchell,kmitchell8c@sfgate.com,Student,Orsk
5W64PA2RY89,Muriel,Croci,mcroci8d@pen.io,Teacher,Willemstad
9XK7FA0GQ52,Alfons,Leggett,aleggett8e@china.com.cn,Admin,Taytay
6TV4UA6KN10,Clem,Gianullo,cgianullo8f@comcast.net,Student,Ciulu
1C12H93WD88,Johanna,Losano,jlosano8g@taobao.com,Student,Daping
3MY7GH1FK62,Joe,Van Waadenburg,jvanwaadenburg8h@shop-pro.jp,Teacher,Weichanglu
1D56KJ9NC95,Theobald,Overton,toverton8i@techcrunch.com,Admin,Kudirkos Naumiestis
8FF7JN3RT05,Larissa,Barthelemy,lbarthelemy8j@mozilla.com,Teacher,Anzi
4K32RK3AN22,Carly,Deeny,cdeeny8k@virginia.edu,Admin,Eséka
5VM9EJ2RK29,Felisha,Lovie,flovie8l@google.com,Admin,Ma'arrat an Nu'mān
3FV8TX6QF42,Lilly,Checcucci,lcheccucci8m@360.cn,Admin,Shuanghe
5UP0A20TU09,Reese,Coch,rcoch8n@spiegel.de,Admin,Sheffield
3YP8UC4WR15,Tarrance,Babinski,tbabinski8o@vkontakte.ru,Teacher,Ruyigi
4EY6DX2KD08,Sherill,Kuhn,skuhn8p@cisco.com,Student,Shenavan
4CX6F20UX89,Jennifer,Umpleby,jumpleby8q@blogger.com,Student,Cancas
9CX6YH7WW49,Terri,Caws,tcaws8r@wikimedia.org,Admin,Myhiya
4CU5FH0RW00,Thorvald,Nightingale,tnightingale8s@g.co,Admin,Queluz de Baixo
8N93FD1DG78,Lindsey,Creyke,lcreyke8t@youtu.be,Teacher,Huitong
9F85NV6XN95,Torey,Ablitt,tablitt8u@163.com,Student,Vrbovec
7UG3DE4XN43,Ezequiel,Maffulli,emaffulli8v@unicef.org,Admin,Leigu
4M92MV4EK32,Isidoro,Dyble,idyble8w@1und1.de,Teacher,Arrah
6JM6RX0HU31,Zebadiah,Ayars,zayars8x@seesaa.net,Teacher,Pesagen
3T15V66YP79,Fayette,Rutledge,frutledge8y@oakley.com,Admin,Sumberjo
8Y45X03WJ32,Avrom,Bundy,abundy8z@discovery.com,Teacher,Klina
8Y42XH5PF49,Bancroft,Gumbley,bgumbley90@sun.com,Teacher,Suohe
2A85DN7DV06,Rudolfo,Cottee,rcottee91@thetimes.co.uk,Student,Čelinac
1DD7HP2VR69,Aliza,Crowche,acrowche92@globo.com,Student,Skopin
1WR3A28UU92,Farris,Murrow,fmurrow93@dell.com,Admin,Itaqui
3RX3XG8NE55,Bartie,Macy,bmacy94@unesco.org,Admin,Sidaharja
3X98DE3YH11,Jack,Thurbon,jthurbon95@pinterest.com,Teacher,Ḑubāh
1W19QN4DW68,Chelsea,Valek,cvalek96@pinterest.com,Student,28 de Noviembre
9DD9VH5YP23,Elsi,Jedraszek,ejedraszek97@prweb.com,Teacher,Mirsíni
6AR5YD3GY45,Edan,Teulier,eteulier98@google.com.br,Teacher,Cagwait
7NU0D39PX44,Onida,Azemar,oazemar99@artisteer.com,Admin,Villa Ascasubi
4PT5H95WW88,Kylie,Softley,ksoftley9a@barnesandnoble.com,Teacher,Novais
3UY5CF2FK48,Levey,Walkling,lwalkling9b@ezinearticles.com,Admin,Zaraza
3TQ7JD7UT75,Babbette,Mastrantone,bmastrantone9c@oaic.gov.au,Student,Xincheng Chengguanzhen
1DP0VC6QW49,Kirbee,Carff,kcarff9d@state.tx.us,Admin,Göteborg
8Q74TJ5XA12,Gavin,St. Hill,gsthill9e@taobao.com,Teacher,Guanting
6XA7GJ6XE07,Cammie,Herche,cherche9f@spotify.com,Teacher,Charqueadas
5A65DQ9UP66,Clifford,Melpuss,cmelpuss9g@google.ru,Teacher,Pechersk
9PF6UQ6UG12,Filmer,Kellard,fkellard9h@furl.net,Admin,Foz Sousa
7EP5N14QQ60,Gwenni,Racher,gracher9i@blogger.com,Student,Kawanishi
6T89GN5XJ13,Loutitia,Haddrell,lhaddrell9j@google.fr,Teacher,Toledo
1TR7DT6PQ32,Ludovico,Schafer,lschafer9k@census.gov,Student,Pasargunung
4EJ1HQ0FY82,Fan,Normanvell,fnormanvell9l@boston.com,Teacher,Huazhou
9VV8NH4KQ50,Shannon,Pawelec,spawelec9m@hp.com,Admin,Youssoufia
8VF8GV8VX09,Datha,Vasyukov,dvasyukov9n@salon.com,Admin,Guogan
4XV0CG8DW71,Barnebas,Grabb,bgrabb9o@stanford.edu,Student,Challans
6ET0R38NM72,Reggie,Grishanin,rgrishanin9p@clickbank.net,Admin,Omaha
9J17MC3QV39,Devi,Bischoff,dbischoff9q@skype.com,Teacher,Colonia Minga Porá
8CM7E39EH48,Thoma,MacMillan,tmacmillan9r@blinklist.com,Teacher,Blumbang
7MA6HU2JE51,Killian,Fathers,kfathers9s@jalbum.net,Admin,Puhja
4NH6H24ME66,Erica,Ablewhite,eablewhite9t@shutterfly.com,Admin,Ayotupas
7EF5KF9RT98,Artair,Lapslie,alapslie9u@vimeo.com,Student,Oliveira
9GN2PY3NM01,Galven,Matic,gmatic9v@feedburner.com,Teacher,Mülheim an der Ruhr
5AV9RK3MU28,Noella,Apdell,napdell9w@cornell.edu,Admin,Lujing Zhen
3D60HT5XV39,Joyous,Kybert,jkybert9x@un.org,Admin,Banayoyo
9PD5AE5NC23,Ann-marie,Sollars,asollars9y@foxnews.com,Student,Dashi
4WG1KQ2RG79,Dallis,Thomas,dthomas9z@sohu.com,Admin,Benavila
6AY0N02HY76,Dinnie,Scarth,dscartha0@feedburner.com,Teacher,La Sebala du Mornag
1G26AA2MY94,Tatum,Tillyer,ttillyera1@biglobe.ne.jp,Teacher,Yanglang
9FK2GD6EY54,Ernestine,Fitchen,efitchena2@istockphoto.com,Student,Heung-hai
2N31QV8JC25,Ashly,Emmott,aemmotta3@sogou.com,Teacher,Marčelji
4W22GN5PN28,Ian,Kalkofer,ikalkofera4@bravesites.com,Admin,Abidjan
2TF3P40QT27,Ambrose,McCuish,amccuisha5@arizona.edu,Admin,Kagoshima-shi
9D21P04FF48,Jaine,Bukowski,jbukowskia6@seesaa.net,Student,Qingyang
2MV7ET5RW69,Jerrold,Ransfield,jransfielda7@auda.org.au,Teacher,Wujiaying
5T76WN4EC57,Cindi,Madigan,cmadigana8@mashable.com,Teacher,Lucheng
6V57VV2AE81,Bartram,McCrostie,bmccrostiea9@nba.com,Admin,Ternovka
9FR4XN6EM94,Nani,Lippini,nlippiniaa@reverbnation.com,Student,Perm
4WD6HP7FV49,Easter,Attfield,eattfieldab@tripadvisor.com,Teacher,Taiyanghe
9NG7T12RG02,Staford,Ridger,sridgerac@oracle.com,Teacher,Jelsa
3DY7M98CY43,Tatiana,Gotthard.sf,tgotthardsfad@msn.com,Admin,Sukorejo
6V45NN7PM85,Deane,Rabjohns,drabjohnsae@cbslocal.com,Teacher,Ndano
5YG5GT7QX47,Staffard,Habergham,shaberghamaf@seattletimes.com,Student,Bay-ang
7V30X36EP71,Bailie,Beavis,bbeavisag@ebay.com,Admin,Castanheira
9Y75ET8DF48,Shalom,Ferschke,sferschkeah@cnet.com,Admin,Pilchowice
4XF0N27WG56,Claiborne,McArtan,cmcartanai@merriam-webster.com,Admin,Limoges
4N20T79MD83,Salomone,Martensen,smartensenaj@typepad.com,Admin,Zürich
1CN7T24TN40,Theodor,Alelsandrovich,talelsandrovichak@tumblr.com,Admin,San Jose
3JM1RV7GV28,Dee dee,Sellack,dsellackal@123-reg.co.uk,Admin,Shimo-furano
9PV1JD4VK90,Morganica,Winram,mwinramam@berkeley.edu,Student,Warungbuah
1CW7T55PQ03,Abbye,Iacovo,aiacovoan@macromedia.com,Student,Nashville
7AY7Y54QC30,Esta,Earngy,eearngyao@unicef.org,Student,Tuqiao
4HJ6UU4MC54,Cordell,McKenney,cmckenneyap@deliciousdays.com,Student,Dolní Rychnov
6K81W42QQ30,Mathian,Ranshaw,mranshawaq@cbc.ca,Student,Loppi
5WY8XP2YX63,Mercie,Goddman,mgoddmanar@aboutads.info,Teacher,Kavadarci
7KP4U90DX76,Keely,Geldart,kgeldartas@cbslocal.com,Student,Proença-a-Nova
1UV7YW3PD02,Law,Coning,lconingat@goo.gl,Teacher,Dampit
2D54JD6GF25,Clarinda,Brandin,cbrandinau@newyorker.com,Teacher,Xike
6JP1VT3TE69,Zahara,Oag,zoagav@alexa.com,Teacher,Paradela
4YY2N14DM46,Tulley,McNellis,tmcnellisaw@cam.ac.uk,Admin,Sayapullo
2MJ4MK1UU64,Ali,Balfour,abalfourax@unc.edu,Admin,Ashmūn
8RU2VA3JG47,Belinda,Parffrey,bparffreyay@behance.net,Teacher,Kherson
7EG8FD2XM86,Shaina,Damarell,sdamarellaz@zdnet.com,Admin,Donggaocun
9EQ7E12CM38,Norton,Belin,nbelinb0@dedecms.com,Admin,Maguling
3D48MX8CT71,Sonia,Lubomirski,slubomirskib1@shinystat.com,Admin,Mankono
9PY5K48JC44,Carrol,Treadger,ctreadgerb2@ezinearticles.com,Admin,Gia Ray
7E86KU9QV94,Jacenta,Stanyon,jstanyonb3@yale.edu,Student,Shangxing
4H61Y85HP92,Eunice,Handrock,ehandrockb4@discuz.net,Student,Stockholm
9K78P02AD26,Channa,Hanbury-Brown,chanburybrownb5@wiley.com,Student,Liên Chiểu
8Y87AG1PN78,Rhodie,Cowperthwaite,rcowperthwaiteb6@auda.org.au,Teacher,Grębków
1KT9GR9VW78,Garwin,Gotcliff,ggotcliffb7@ebay.co.uk,Admin,Białośliwie
8E81E64RV30,Sela,Suggett,ssuggettb8@discuz.net,Student,Xibali
2HX0EV0PH50,Karlee,Spick,kspickb9@list-manage.com,Admin,Madang
9FE0HG1GR86,Mella,Esselen,messelenba@wikia.com,Student,Menlou
6NG1P12TD21,Klara,Camillo,kcamillobb@artisteer.com,Admin,Concepción
6XD1T26TV36,Junette,Fulk,jfulkbc@apple.com,Admin,Hejia
4YK5J83PV11,Evey,Gidney,egidneybd@meetup.com,Teacher,Pskov
4V83VP8YF38,Joly,Erb,jerbbe@tiny.cc,Student,Girijaya
7EM6QQ7VT11,Chadwick,Dennant,cdennantbf@fotki.com,Admin,Lepaterique
2W95N88UX62,Beverie,Tallach,btallachbg@ted.com,Teacher,Krosno
8EP8XF2TR08,Phil,Holdren,pholdrenbh@msn.com,Teacher,Zagnitkiv
7E98FJ0VX22,Harriette,Lapre,hlaprebi@csmonitor.com,Admin,Baishuitan
6N52EK7CG55,Elvina,Grunguer,egrunguerbj@upenn.edu,Student,Rancabungur
6C11K30DC70,Rollie,Buntain,rbuntainbk@trellian.com,Admin,Nanyaojie
2M71RP0AX97,Gilberto,Hedger,ghedgerbl@bigcartel.com,Student,Bumirejo
1JH4NH6HG30,Edmon,Munning,emunningbm@imgur.com,Student,Negombo
8FH9T17YF36,Timofei,Dand,tdandbn@npr.org,Teacher,Moinhos
8MD9Y79XN28,Fowler,Fibbens,ffibbensbo@photobucket.com,Admin,Ostravice
1NY4J18FU32,Che,Bridden,cbriddenbp@rakuten.co.jp,Student,Valdivia
1PD0PN2VW86,Tiff,Carillo,tcarillobq@discovery.com,Admin,San Francisco
3H03PH6PY81,Northrup,Willoughley,nwilloughleybr@imgur.com,Teacher,São Bartolomeu
5Q92U01AW50,Devland,Dickons,ddickonsbs@ucoz.ru,Student,Numan
4J62WQ6YP36,Boyd,Drinnan,bdrinnanbt@independent.co.uk,Admin,Huaping
3JN8W61RU59,Georgiana,Jacobowits,gjacobowitsbu@smh.com.au,Student,Saint-Lô
5GN9C08TV59,Timmie,Cornils,tcornilsbv@bbc.co.uk,Admin,Rada Tilly
7C97T20MP72,Nikos,Champkin,nchampkinbw@storify.com,Teacher,Ash Shawātī
8PK2QJ3VV26,Ugo,Coils,ucoilsbx@hud.gov,Admin,"Brgy. Nalook, kalibo"
5GG9UA0KH53,Cecil,Lush,clushby@paypal.com,Admin,Chigoré
6Q22XW9FT93,Jennifer,Easter,jeasterbz@google.nl,Teacher,Planá
7RY6NA4EN20,Penni,McGrayle,pmcgraylec0@techcrunch.com,Teacher,Oliveira de Baixo
5P67UN3TE12,Camey,Penkethman,cpenkethmanc1@blinklist.com,Student,Bacag
5H13NA4JT10,Gage,Castagneto,gcastagnetoc2@arizona.edu,Teacher,Saripin
7VK0DP8FP85,Cherye,Moylan,cmoylanc3@abc.net.au,Admin,Kedungharjo
3XF4QM3GA36,Kimble,Rappoport,krappoportc4@kickstarter.com,Admin,Minneapolis
1CF1RG1QF29,Maximilianus,Dell 'Orto,mdellortoc5@dell.com,Admin,Kuantan
4AK3VP2DK84,Beverlee,Pahler,bpahlerc6@elegantthemes.com,Admin,Nantes
2PF5F38EX57,Farly,Niccolls,fniccollsc7@blogspot.com,Teacher,Concepción
3X06R31PH16,Carling,Luckham,cluckhamc8@oakley.com,Student,Pancoran
1UV3MQ9NP60,Kathrine,Ambroise,kambroisec9@last.fm,Student,Katy
4UC4XQ2VD55,Tiffi,Fant,tfantca@privacy.gov.au,Admin,Viñales
1AJ9E67JU58,Diena,Behne,dbehnecb@a8.net,Student,Angra do Heroísmo
1U28A48UW50,Harriet,Yellop,hyellopcc@washington.edu,Student,Erling
2CV0VX1ND80,Erica,Braidman,ebraidmancd@latimes.com,Teacher,Maliiha
4M93R69CA13,Shantee,Berardt,sberardtce@sakura.ne.jp,Admin,Zuocun
5WQ8RN3YT74,Joyous,Birtley,jbirtleycf@deliciousdays.com,Admin,Chãos
4AE8G26NX18,Marcelo,Dollin,mdollincg@examiner.com,Admin,Rosario
5P46YT0GC82,Hermia,Jamieson,hjamiesonch@amazon.co.uk,Student,Flers
4EJ8JW4YR90,Shandie,Hune,shuneci@bbc.co.uk,Teacher,Ciyu
1AY8T74XC42,Cord,Mulrean,cmulreancj@wufoo.com,Student,Płoniawy-Bramura
5TR1TE0KG26,Kissiah,Sever,kseverck@nydailynews.com,Student,Barranqueras
2H82UX6FA22,Valentia,Schrieves,vschrievescl@statcounter.com,Admin,Maria
7HN5DM8DJ09,Jillane,Siverns,jsivernscm@wikispaces.com,Teacher,Priyutovo
6V22NX1EX81,Karisa,Job,kjobcn@myspace.com,Student,Prawdzinski
9MF8TJ8VY91,Marlin,Staddart,mstaddartco@yahoo.com,Student,Zhuping
4WG5TT1HH18,Ninette,Kimble,nkimblecp@sciencedaily.com,Student,Izumo
7U47W85EY25,Paulie,Vittery,pvitterycq@dagondesign.com,Admin,Reading
7H27A84EU83,Marja,Troni,mtronicr@cnn.com,Teacher,Boituva
6KD9VJ0FE56,Erny,Glowacha,eglowachacs@buzzfeed.com,Student,Örbyhus
3UE6YP5RA54,Kaleb,Peaden,kpeadenct@i2i.jp,Student,Dopang
3FG2PU4DX15,Winfred,Halbord,whalbordcu@skype.com,Admin,Pulorejo
1AE9QW7QH42,Lenora,Kitchingman,lkitchingmancv@ucsd.edu,Teacher,Gwaram
1AG7AQ5WX23,Griffy,Rainy,grainycw@mtv.com,Admin,Samoš
4HY6D35JV96,Gerta,Orrin,gorrincx@homestead.com,Teacher,Philipsburg
3H23FP5UX35,Petronille,Ramalho,pramalhocy@diigo.com,Teacher,Kalodu
1RD5JE1TM14,Neville,Eye,neyecz@tuttocitta.it,Teacher,Tío Pujio
6JA6E67CX89,Whitaker,Baert,wbaertd0@zimbio.com,Student,Niamey
1W82HY0HJ98,Janean,Clews,jclewsd1@yahoo.co.jp,Admin,Limoeiro
1TJ0KF9GA90,Archambault,Real,areald2@ask.com,Student,Amvrosiyivka
9EJ9GT9GJ77,Sunny,Brydone,sbrydoned3@washington.edu,Admin,Mysove
6J60DV4XH14,Ricoriki,Persent,rpersentd4@sohu.com,Admin,El Banco
5QJ2FH8RP17,Caressa,Duiguid,cduiguidd5@businessweek.com,Student,Brangsi
1TN0GA7WW47,Carlynn,Meaddowcroft,cmeaddowcroftd6@wired.com,Teacher,Carrières-sur-Seine
3H72XH0AT81,Fiann,Clemmen,fclemmend7@irs.gov,Admin,Dongmazar
4G74AK7EV28,Danette,Bewsy,dbewsyd8@goodreads.com,Teacher,Shazikou
9Y98RE0QN85,Dalis,Yukhnevich,dyukhnevichd9@unc.edu,Admin,Bau
6XV5WD3YM46,Allx,Malimoe,amalimoeda@cnbc.com,Admin,Zhinvali
4QF9RN6CA93,Emyle,Danford,edanforddb@joomla.org,Admin,Guimba
7VM2GH5KT50,Brewer,Crowden,bcrowdendc@cam.ac.uk,Student,Inderka
4JF9M08PJ78,Brinna,Strutton,bstruttondd@discovery.com,Admin,Forshaga
4NK5VK0CJ10,Kathye,Bott,kbottde@tinyurl.com,Teacher,Hutang
9TX9J07XF01,Harri,Hansberry,hhansberrydf@gravatar.com,Student,Le Mans
6J12JE2CR15,Alan,Fenix,afenixdg@goodreads.com,Admin,Songnim
8KH6TC4TD64,Gabey,Dimmne,gdimmnedh@last.fm,Teacher,Göteborg
7CN6PF0GK66,Roseline,Kellett,rkellettdi@prweb.com,Admin,Krajan Bejagung
3U82EX7GF23,Albert,Farran,afarrandj@webs.com,Teacher,Jinzipai
6KD0XK2WT80,Maxy,Berston,mberstondk@typepad.com,Student,Wonocoyo Utara
5C22W97XG55,Rudie,Kainz,rkainzdl@macromedia.com,Student,Fershampenuaz
2MG6DJ9FR07,Pia,Boath,pboathdm@phoca.cz,Admin,Wijewo
6NR8PG6KR56,Timi,Longcaster,tlongcasterdn@newyorker.com,Admin,Tit Mellil
8JG3CD8GE08,Rupert,Bragginton,rbraggintondo@mediafire.com,Student,Piraju
1NM4UV4EH76,Whitby,Ruske,wruskedp@wsj.com,Teacher,Arruda dos Vinhos
8D44WY2UF12,Lindsay,Calderwood,lcalderwooddq@google.com.br,Teacher,Troitskoye
5M86GF2JF89,Arri,Griss,agrissdr@icq.com,Teacher,Igarapé Açu
6TN3CK3QW28,Madge,Wiggans,mwiggansds@google.cn,Admin,Hudong
8Y46PN2EE83,Kamila,Mew,kmewdt@t-online.de,Admin,Một Ngàn
6AA3WT8CG27,Steffen,Favey,sfaveydu@deviantart.com,Student,Maydolong
7XG8H64HN57,Bettina,Stapleton,bstapletondv@cyberchimps.com,Teacher,Doushaguan
ORLO351YTKH3,fgh,fgh,fgh,Student,dfsg
